run,epoch,lr,bs,loss,cw,balance,arch,seed,eval_loss,macro_f1,accuracy,r_supp,r_neut,r_opp,cm
lr2e5_effnum,1.0,2e-05,32,weighted,effnum,none,full,42,0.700737714767456,0.29949853017464984,0.8156985871271586,0.0,1.0,0.0,"[[0, 302, 0], [0, 2598, 0], [0, 285, 0]]"
lr2e5_effnum,2.0,2e-05,32,weighted,effnum,none,full,42,0.7054787278175354,0.29949853017464984,0.8156985871271586,0.0,1.0,0.0,"[[0, 302, 0], [0, 2598, 0], [0, 285, 0]]"
lr2e5_effnum,3.0,2e-05,32,weighted,effnum,none,full,42,0.7042128443717957,0.29949853017464984,0.8156985871271586,0.0,1.0,0.0,"[[0, 302, 0], [0, 2598, 0], [0, 285, 0]]"
lr2e5_effnum,4.0,2e-05,32,weighted,effnum,none,full,42,0.7051204442977905,0.29949853017464984,0.8156985871271586,0.0,1.0,0.0,"[[0, 302, 0], [0, 2598, 0], [0, 285, 0]]"
lr2e5_effnum,5.0,2e-05,32,weighted,effnum,none,full,42,0.7009789943695068,0.29949853017464984,0.8156985871271586,0.0,1.0,0.0,"[[0, 302, 0], [0, 2598, 0], [0, 285, 0]]"
lr2e5_effnum,5.0,2e-05,32,weighted,effnum,none,full,42,0.700737714767456,0.29949853017464984,0.8156985871271586,0.0,1.0,0.0,"[[0, 302, 0], [0, 2598, 0], [0, 285, 0]]"
w414,1.0,2e-05,32,weighted,"4,1,4",none,full,42,0.9853512644767761,0.29949853017464984,0.8156985871271586,0.0,1.0,0.0,"[[0, 302, 0], [0, 2598, 0], [0, 285, 0]]"
w414,2.0,2e-05,32,weighted,"4,1,4",none,full,42,1.0030303001403809,0.29949853017464984,0.8156985871271586,0.0,1.0,0.0,"[[0, 302, 0], [0, 2598, 0], [0, 285, 0]]"
w414,3.0,2e-05,32,weighted,"4,1,4",none,full,42,1.0031849145889282,0.29949853017464984,0.8156985871271586,0.0,1.0,0.0,"[[0, 302, 0], [0, 2598, 0], [0, 285, 0]]"
w414,4.0,2e-05,32,weighted,"4,1,4",none,full,42,0.9978525638580322,0.29949853017464984,0.8156985871271586,0.0,1.0,0.0,"[[0, 302, 0], [0, 2598, 0], [0, 285, 0]]"
w414,5.0,2e-05,32,weighted,"4,1,4",none,full,42,0.9925806522369385,0.29949853017464984,0.8156985871271586,0.0,1.0,0.0,"[[0, 302, 0], [0, 2598, 0], [0, 285, 0]]"
w414,5.0,2e-05,32,weighted,"4,1,4",none,full,42,0.9853512644767761,0.29949853017464984,0.8156985871271586,0.0,1.0,0.0,"[[0, 302, 0], [0, 2598, 0], [0, 285, 0]]"
over_sqrt,1.0,2e-05,32,weighted,sqrt,over,full,42,1.0979832410812378,0.057738265940158684,0.09481946624803768,1.0,0.0,0.0,"[[302, 0, 0], [2598, 0, 0], [285, 0, 0]]"
over_sqrt,2.0,2e-05,32,weighted,sqrt,over,full,42,1.0981149673461914,0.057738265940158684,0.09481946624803768,1.0,0.0,0.0,"[[302, 0, 0], [2598, 0, 0], [285, 0, 0]]"
over_sqrt,3.0,2e-05,32,weighted,sqrt,over,full,42,1.0981554985046387,0.057738265940158684,0.09481946624803768,1.0,0.0,0.0,"[[302, 0, 0], [2598, 0, 0], [285, 0, 0]]"
over_sqrt,4.0,2e-05,32,weighted,sqrt,over,full,42,1.0981519222259521,0.057738265940158684,0.09481946624803768,1.0,0.0,0.0,"[[302, 0, 0], [2598, 0, 0], [285, 0, 0]]"
over_sqrt,5.0,2e-05,32,weighted,sqrt,over,full,42,1.0981370210647583,0.057738265940158684,0.09481946624803768,1.0,0.0,0.0,"[[302, 0, 0], [2598, 0, 0], [285, 0, 0]]"
over_sqrt,5.0,2e-05,32,weighted,sqrt,over,full,42,1.0979832410812378,0.057738265940158684,0.09481946624803768,1.0,0.0,0.0,"[[302, 0, 0], [2598, 0, 0], [285, 0, 0]]"
focal_sqrt,1.0,2e-05,32,focal,sqrt,none,full,42,0.20863720774650574,0.057738265940158684,0.09481946624803768,1.0,0.0,0.0,"[[302, 0, 0], [2598, 0, 0], [285, 0, 0]]"
focal_sqrt,2.0,2e-05,32,focal,sqrt,none,full,42,0.2101411670446396,0.0547550432276657,0.08948194662480377,0.0,0.0,1.0,"[[0, 0, 302], [0, 0, 2598], [0, 0, 285]]"
focal_sqrt,3.0,2e-05,32,focal,sqrt,none,full,42,0.2086164802312851,0.0547550432276657,0.08948194662480377,0.0,0.0,1.0,"[[0, 0, 302], [0, 0, 2598], [0, 0, 285]]"
focal_sqrt,4.0,2e-05,32,focal,sqrt,none,full,42,0.20904827117919922,0.0547550432276657,0.08948194662480377,0.0,0.0,1.0,"[[0, 0, 302], [0, 0, 2598], [0, 0, 285]]"
focal_sqrt,5.0,2e-05,32,focal,sqrt,none,full,42,0.2088683545589447,0.0547550432276657,0.08948194662480377,0.0,0.0,1.0,"[[0, 0, 302], [0, 0, 2598], [0, 0, 285]]"
focal_sqrt,5.0,2e-05,32,focal,sqrt,none,full,42,0.20863720774650574,0.057738265940158684,0.09481946624803768,1.0,0.0,0.0,"[[302, 0, 0], [2598, 0, 0], [285, 0, 0]]"
lr1e5_sqrt,1.0,1e-05,32,weighted,sqrt,none,full,42,0.9053364396095276,0.29949853017464984,0.8156985871271586,0.0,1.0,0.0,"[[0, 302, 0], [0, 2598, 0], [0, 285, 0]]"
lr1e5_sqrt,2.0,1e-05,32,weighted,sqrt,none,full,42,0.9146877527236938,0.29949853017464984,0.8156985871271586,0.0,1.0,0.0,"[[0, 302, 0], [0, 2598, 0], [0, 285, 0]]"
lr1e5_sqrt,3.0,1e-05,32,weighted,sqrt,none,full,42,0.911239504814148,0.29949853017464984,0.8156985871271586,0.0,1.0,0.0,"[[0, 302, 0], [0, 2598, 0], [0, 285, 0]]"
lr1e5_sqrt,4.0,1e-05,32,weighted,sqrt,none,full,42,0.9145760536193848,0.29949853017464984,0.8156985871271586,0.0,1.0,0.0,"[[0, 302, 0], [0, 2598, 0], [0, 285, 0]]"
lr1e5_sqrt,5.0,1e-05,32,weighted,sqrt,none,full,42,0.9126189947128296,0.29949853017464984,0.8156985871271586,0.0,1.0,0.0,"[[0, 302, 0], [0, 2598, 0], [0, 285, 0]]"
lr1e5_sqrt,5.0,1e-05,32,weighted,sqrt,none,full,42,0.9053364396095276,0.29949853017464984,0.8156985871271586,0.0,1.0,0.0,"[[0, 302, 0], [0, 2598, 0], [0, 285, 0]]"
fp32_sqrt,0,2e-05,32,weighted,sqrt,none,full,42,0.8512294292449951,0.6554768985148732,0.8285714285714286,0.5562913907284768,0.8945342571208622,0.5157894736842106,"[[168, 134, 0], [69, 2324, 205], [14, 124, 147]]"
fp32_sqrt,1.0,2e-05,32,weighted,sqrt,none,full,42,nan,0.057738265940158684,0.09481946624803768,1.0,0.0,0.0,"[[302, 0, 0], [2598, 0, 0], [285, 0, 0]]"
fp32_sqrt,2.0,2e-05,32,weighted,sqrt,none,full,42,nan,0.057738265940158684,0.09481946624803768,1.0,0.0,0.0,"[[302, 0, 0], [2598, 0, 0], [285, 0, 0]]"
fp32_sqrt,3.0,2e-05,32,weighted,sqrt,none,full,42,nan,0.057738265940158684,0.09481946624803768,1.0,0.0,0.0,"[[302, 0, 0], [2598, 0, 0], [285, 0, 0]]"
fp32_sqrt,4.0,2e-05,32,weighted,sqrt,none,full,42,nan,0.057738265940158684,0.09481946624803768,1.0,0.0,0.0,"[[302, 0, 0], [2598, 0, 0], [285, 0, 0]]"
fp32_sqrt,5.0,2e-05,32,weighted,sqrt,none,full,42,nan,0.057738265940158684,0.09481946624803768,1.0,0.0,0.0,"[[302, 0, 0], [2598, 0, 0], [285, 0, 0]]"
fp32_sqrt,5.0,2e-05,32,weighted,sqrt,none,full,42,nan,0.057738265940158684,0.09481946624803768,1.0,0.0,0.0,"[[302, 0, 0], [2598, 0, 0], [285, 0, 0]]"
stable_lr1e5,0,1e-05,32,weighted,sqrt,none,full,42,0.8512294292449951,0.6554768985148732,0.8285714285714286,0.5562913907284768,0.8945342571208622,0.5157894736842106,"[[168, 134, 0], [69, 2324, 205], [14, 124, 147]]"
stable_lr1e5,1.0,1e-05,32,weighted,sqrt,none,full,42,0.9083520770072937,0.29949853017464984,0.8156985871271586,0.0,1.0,0.0,"[[0, 302, 0], [0, 2598, 0], [0, 285, 0]]"
stable_lr1e5,2.0,1e-05,32,weighted,sqrt,none,full,42,0.9211728572845459,0.29949853017464984,0.8156985871271586,0.0,1.0,0.0,"[[0, 302, 0], [0, 2598, 0], [0, 285, 0]]"
stable_lr1e5,3.0,1e-05,32,weighted,sqrt,none,full,42,0.9153589606285095,0.29949853017464984,0.8156985871271586,0.0,1.0,0.0,"[[0, 302, 0], [0, 2598, 0], [0, 285, 0]]"
stable_lr1e5,4.0,1e-05,32,weighted,sqrt,none,full,42,0.9246886372566223,0.29949853017464984,0.8156985871271586,0.0,1.0,0.0,"[[0, 302, 0], [0, 2598, 0], [0, 285, 0]]"
stable_lr1e5,5.0,1e-05,32,weighted,sqrt,none,full,42,0.9121592044830322,0.29949853017464984,0.8156985871271586,0.0,1.0,0.0,"[[0, 302, 0], [0, 2598, 0], [0, 285, 0]]"
stable_lr1e5,5.0,1e-05,32,weighted,sqrt,none,full,42,0.9083520770072937,0.29949853017464984,0.8156985871271586,0.0,1.0,0.0,"[[0, 302, 0], [0, 2598, 0], [0, 285, 0]]"
over_ce,0,1e-05,32,ce,effnum,over,full,42,0.5989163517951965,0.6554768985148732,0.8285714285714286,0.5562913907284768,0.8945342571208622,0.5157894736842106,"[[168, 134, 0], [69, 2324, 205], [14, 124, 147]]"
over_ce,1.0,1e-05,32,ce,effnum,over,full,42,1.068390965461731,0.29949853017464984,0.8156985871271586,0.0,1.0,0.0,"[[0, 302, 0], [0, 2598, 0], [0, 285, 0]]"
over_ce,2.0,1e-05,32,ce,effnum,over,full,42,1.0822160243988037,0.29949853017464984,0.8156985871271586,0.0,1.0,0.0,"[[0, 302, 0], [0, 2598, 0], [0, 285, 0]]"
over_ce,3.0,1e-05,32,ce,effnum,over,full,42,1.0981076955795288,0.0547550432276657,0.08948194662480377,0.0,0.0,1.0,"[[0, 0, 302], [0, 0, 2598], [0, 0, 285]]"
over_ce,4.0,1e-05,32,ce,effnum,over,full,42,1.0992196798324585,0.05529944104338568,0.09010989010989011,0.0,0.0007698229407236335,1.0,"[[0, 0, 302], [0, 2, 2596], [0, 0, 285]]"
over_ce,5.0,1e-05,32,ce,effnum,over,full,42,1.0974745750427246,0.29949853017464984,0.8156985871271586,0.0,1.0,0.0,"[[0, 302, 0], [0, 2598, 0], [0, 285, 0]]"
over_ce,5.0,1e-05,32,ce,effnum,over,full,42,1.068390965461731,0.29949853017464984,0.8156985871271586,0.0,1.0,0.0,"[[0, 302, 0], [0, 2598, 0], [0, 285, 0]]"
lora_over_ce,0,0.0002,32,ce,effnum,over,lora,42,0.5989163517951965,0.6554768985148732,0.8285714285714286,0.5562913907284768,0.8945342571208622,0.5157894736842106,"[[168, 134, 0], [69, 2324, 205], [14, 124, 147]]"
lora_over_ce,1.0,0.0002,32,ce,effnum,over,lora,42,0.4934876263141632,0.6979553478053501,0.8172684458398745,0.8377483443708609,0.8225558121632025,0.7473684210526316,"[[253, 44, 5], [238, 2137, 223], [20, 52, 213]]"
lora_over_ce,2.0,0.0002,32,ce,effnum,over,lora,42,0.5231016874313354,0.7215885895716653,0.8455259026687598,0.7317880794701986,0.8687451886066204,0.7543859649122807,"[[221, 75, 6], [153, 2257, 188], [15, 55, 215]]"
lora_over_ce,3.0,0.0002,32,ce,effnum,over,lora,42,0.6009117960929871,0.7255513608520691,0.8514913657770801,0.7052980132450332,0.8806774441878368,0.7403508771929824,"[[213, 84, 5], [130, 2288, 180], [13, 61, 211]]"
lora_over_ce,4.0,0.0002,32,ce,effnum,over,lora,42,0.6960787177085876,0.718432318734252,0.8480376766091052,0.6721854304635762,0.880292532717475,0.7403508771929824,"[[203, 94, 5], [129, 2287, 182], [10, 64, 211]]"
lora_over_ce,5.0,0.0002,32,ce,effnum,over,lora,42,0.6985870003700256,0.7250256715859998,0.8565149136577708,0.652317880794702,0.8956889915319477,0.7157894736842105,"[[197, 101, 4], [111, 2327, 160], [8, 73, 204]]"
lora_over_ce,5.0,0.0002,32,ce,effnum,over,lora,42,0.6009117960929871,0.7255513608520691,0.8514913657770801,0.7052980132450332,0.8806774441878368,0.7403508771929824,"[[213, 84, 5], [130, 2288, 180], [13, 61, 211]]"
lora_tg_all,0,0.0002,32,ce,effnum,over,lora,42,0.5989163517951965,0.6554768985148732,0.8285714285714286,0.5562913907284768,0.8945342571208622,0.5157894736842106,"[[168, 134, 0], [69, 2324, 205], [14, 124, 147]]"
lora_tg_all,1.0,0.0002,32,ce,effnum,over,lora,42,0.46295225620269775,0.7218364381513994,0.8492935635792779,0.7450331125827815,0.8775981524249422,0.7017543859649122,"[[225, 73, 4], [164, 2280, 154], [18, 67, 200]]"
lora_tg_all,2.0,0.0002,32,ce,effnum,over,lora,42,0.6157002449035645,0.71785303488788,0.8527472527472527,0.6556291390728477,0.8906851424172441,0.7157894736842105,"[[198, 96, 8], [127, 2314, 157], [14, 67, 204]]"
lora_tg_all,3.0,0.0002,32,ce,effnum,over,lora,42,0.7977856397628784,0.7308989029259522,0.871585557299843,0.5728476821192053,0.9276366435719784,0.6771929824561403,"[[173, 129, 0], [72, 2410, 116], [12, 80, 193]]"
lora_tg_all,4.0,0.0002,32,ce,effnum,over,lora,42,0.9724571704864502,0.7301013480909527,0.8706436420722135,0.5695364238410596,0.9253271747498075,0.6912280701754386,"[[172, 128, 2], [83, 2404, 111], [12, 76, 197]]"
lora_tg_all,5.0,0.0002,32,ce,effnum,over,lora,42,1.09591805934906,0.7272254356287969,0.8722135007849293,0.5397350993377483,0.9318706697459584,0.6807017543859649,"[[163, 137, 2], [63, 2421, 114], [11, 80, 194]]"
lora_tg_all,5.0,0.0002,32,ce,effnum,over,lora,42,0.7977856397628784,0.7308989029259522,0.871585557299843,0.5728476821192053,0.9276366435719784,0.6771929824561403,"[[173, 129, 0], [72, 2410, 116], [12, 80, 193]]"
lora_r32,0,0.0002,32,ce,effnum,over,lora,42,0.5989163517951965,0.6554768985148732,0.8285714285714286,0.5562913907284768,0.8945342571208622,0.5157894736842106,"[[168, 134, 0], [69, 2324, 205], [14, 124, 147]]"
lora_r32,1.0,0.0002,32,ce,effnum,over,lora,42,0.4725296199321747,0.704215962184643,0.8216640502354788,0.8443708609271523,0.8267898383371824,0.7508771929824561,"[[255, 42, 5], [221, 2148, 229], [17, 54, 214]]"
lora_r32,2.0,0.0002,32,ce,effnum,over,lora,42,0.514707624912262,0.7223443171743473,0.8467817896389325,0.7450331125827815,0.8714395688991532,0.7298245614035088,"[[225, 72, 5], [143, 2264, 191], [15, 62, 208]]"
lora_r32,3.0,0.0002,32,ce,effnum,over,lora,42,0.5859875679016113,0.7324838556357443,0.8574568288854003,0.7019867549668874,0.8895304080061586,0.7298245614035088,"[[212, 84, 6], [111, 2311, 176], [10, 67, 208]]"
lora_r32,4.0,0.0002,32,ce,effnum,over,lora,42,0.6601958274841309,0.7317349789229793,0.8599686028257457,0.6688741721854304,0.8972286374133949,0.7228070175438597,"[[202, 96, 4], [113, 2331, 154], [9, 70, 206]]"
lora_r32,5.0,0.0002,32,ce,effnum,over,lora,42,0.6728033423423767,0.7323255903484175,0.8627943485086342,0.6490066225165563,0.9041570438799076,0.712280701754386,"[[196, 103, 3], [104, 2349, 145], [9, 73, 203]]"
lora_r32,5.0,0.0002,32,ce,effnum,over,lora,42,0.5859875679016113,0.7324838556357443,0.8574568288854003,0.7019867549668874,0.8895304080061586,0.7298245614035088,"[[212, 84, 6], [111, 2311, 176], [10, 67, 208]]"
lora_lr1e4,0,0.0001,32,ce,effnum,over,lora,42,0.5989163517951965,0.6554768985148732,0.8285714285714286,0.5562913907284768,0.8945342571208622,0.5157894736842106,"[[168, 134, 0], [69, 2324, 205], [14, 124, 147]]"
lora_lr1e4,1.0,0.0001,32,ce,effnum,over,lora,42,0.4903160035610199,0.693447177543256,0.8097331240188383,0.8841059602649006,0.8083140877598153,0.743859649122807,"[[267, 32, 3], [267, 2100, 231], [23, 50, 212]]"
lora_lr1e4,2.0,0.0001,32,ce,effnum,over,lora,42,0.5003299117088318,0.7082232763984374,0.8248037676609106,0.8443708609271523,0.829869130100077,0.7578947368421053,"[[255, 44, 3], [208, 2156, 234], [20, 49, 216]]"
lora_lr1e4,3.0,0.0001,32,ce,effnum,over,lora,42,0.5053136944770813,0.721011796778081,0.8408163265306122,0.7947019867549668,0.8575827559661278,0.7368421052631579,"[[240, 59, 3], [171, 2228, 199], [15, 60, 210]]"
lora_lr1e4,4.0,0.0001,32,ce,effnum,over,lora,42,0.5665772557258606,0.717546667821446,0.8351648351648352,0.8079470198675497,0.8471901462663587,0.7543859649122807,"[[244, 55, 3], [178, 2201, 219], [15, 55, 215]]"
lora_lr1e4,5.0,0.0001,32,ce,effnum,over,lora,42,0.5576179027557373,0.7200477312403599,0.8405023547880691,0.7748344370860927,0.859122401847575,0.7403508771929824,"[[234, 66, 2], [159, 2232, 207], [13, 61, 211]]"
lora_lr1e4,5.0,0.0001,32,ce,effnum,over,lora,42,0.5053136944770813,0.721011796778081,0.8408163265306122,0.7947019867549668,0.8575827559661278,0.7368421052631579,"[[240, 59, 3], [171, 2228, 199], [15, 60, 210]]"
lora_lr3e4,0,0.0003,32,ce,effnum,over,lora,42,0.5989163517951965,0.6554768985148732,0.8285714285714286,0.5562913907284768,0.8945342571208622,0.5157894736842106,"[[168, 134, 0], [69, 2324, 205], [14, 124, 147]]"
lora_lr3e4,1.0,0.0003,32,ce,effnum,over,lora,42,0.4810183644294739,0.7035441614671097,0.8244897959183674,0.8178807947019867,0.8337182448036952,0.7473684210526316,"[[247, 49, 6], [226, 2166, 206], [22, 50, 213]]"
lora_lr3e4,2.0,0.0003,32,ce,effnum,over,lora,42,0.5653728246688843,0.7211443206124057,0.8502354788069074,0.6920529801324503,0.8818321785989223,0.7298245614035088,"[[209, 88, 5], [133, 2291, 174], [14, 63, 208]]"
lora_lr3e4,3.0,0.0003,32,ce,effnum,over,lora,42,0.7124607563018799,0.7164971037587442,0.8499215070643642,0.6622516556291391,0.8876058506543495,0.7052631578947368,"[[200, 97, 5], [122, 2306, 170], [8, 76, 201]]"
lora_lr3e4,4.0,0.0003,32,ce,effnum,over,lora,42,0.750270426273346,0.7247562877366885,0.8580847723704866,0.6556291390728477,0.8999230177059276,0.6912280701754386,"[[198, 100, 4], [110, 2338, 150], [8, 80, 197]]"
lora_lr3e4,5.0,0.0003,32,ce,effnum,over,lora,42,0.7810047268867493,0.7321913663685309,0.8684458398744113,0.6125827814569537,0.9183987682832948,0.6842105263157895,"[[185, 113, 4], [89, 2386, 123], [9, 81, 195]]"
lora_lr3e4,5.0,0.0003,32,ce,effnum,over,lora,42,0.7810047268867493,0.7321913663685309,0.8684458398744113,0.6125827814569537,0.9183987682832948,0.6842105263157895,"[[185, 113, 4], [89, 2386, 123], [9, 81, 195]]"
lora_large,0,0.0002,16,ce,effnum,over,lora,42,0.5008003115653992,0.7181501985377222,0.8734693877551021,0.5960264900662252,0.9430331023864511,0.5333333333333333,"[[180, 122, 0], [81, 2450, 67], [13, 120, 152]]"
lora_large,1.0,0.0002,16,ce,effnum,over,lora,42,0.42125335335731506,0.7487131239599546,0.8612244897959184,0.8178807947019867,0.8795227097767514,0.7403508771929824,"[[247, 53, 2], [158, 2285, 155], [14, 60, 211]]"
lora_large,2.0,0.0002,16,ce,effnum,over,lora,42,0.5297264456748962,0.770478721612783,0.8813186813186813,0.7516556291390728,0.9130100076982294,0.7298245614035088,"[[227, 74, 1], [103, 2372, 123], [8, 69, 208]]"
lora_large,3.0,0.0002,16,ce,effnum,over,lora,42,0.6022598743438721,0.7782150442635863,0.8963893249607535,0.6986754966887417,0.947652040030793,0.6385964912280702,"[[211, 90, 1], [72, 2462, 64], [8, 95, 182]]"
lora_large,4.0,0.0002,16,ce,effnum,over,lora,42,0.7203684449195862,0.782591643520231,0.895447409733124,0.7350993377483444,0.939183987682833,0.6666666666666666,"[[222, 79, 1], [87, 2440, 71], [10, 85, 190]]"
lora_large,5.0,0.0002,16,ce,effnum,over,lora,42,0.790291428565979,0.7795597466279697,0.8948194662480377,0.7019867549668874,0.9418783679753656,0.6701754385964912,"[[212, 89, 1], [77, 2447, 74], [8, 86, 191]]"
lora_large,5.0,0.0002,16,ce,effnum,over,lora,42,0.7203684449195862,0.782591643520231,0.895447409733124,0.7350993377483444,0.939183987682833,0.6666666666666666,"[[222, 79, 1], [87, 2440, 71], [10, 85, 190]]"
full_frz10,0,1e-05,32,ce,effnum,over,full,42,0.5989163517951965,0.6554768985148732,0.8285714285714286,0.5562913907284768,0.8945342571208622,0.5157894736842106,"[[168, 134, 0], [69, 2324, 205], [14, 124, 147]]"
full_frz10,1.0,1e-05,32,ce,effnum,over,full,42,0.4502580165863037,0.7048304838531578,0.8301412872841444,0.7086092715231788,0.8479599692070824,0.7964912280701755,"[[214, 68, 20], [145, 2203, 250], [10, 48, 227]]"
full_frz10,2.0,1e-05,32,ce,effnum,over,full,42,0.6256580948829651,0.7012530312897431,0.8323390894819466,0.6324503311258278,0.8587374903772133,0.8035087719298246,"[[191, 98, 13], [110, 2231, 257], [11, 45, 229]]"
full_frz10,3.0,1e-05,32,ce,effnum,over,full,42,0.7396932244300842,0.7142948560412629,0.8521193092621664,0.6324503311258278,0.8918398768283294,0.7228070175438597,"[[191, 97, 14], [111, 2317, 170], [12, 67, 206]]"
full_frz10,4.0,1e-05,32,ce,effnum,over,full,42,0.7719230651855469,0.705084707873402,0.8577708006279435,0.5364238410596026,0.9153194765204004,0.6736842105263158,"[[162, 135, 5], [95, 2378, 125], [13, 80, 192]]"
full_frz10,5.0,1e-05,32,ce,effnum,over,full,42,0.7783235311508179,0.7215777276451174,0.8684458398744113,0.5629139072847682,0.9280215550423403,0.6491228070175439,"[[170, 129, 3], [87, 2411, 100], [11, 89, 185]]"
full_frz10,5.0,1e-05,32,ce,effnum,over,full,42,0.7783235311508179,0.7215777276451174,0.8684458398744113,0.5629139072847682,0.9280215550423403,0.6491228070175439,"[[170, 129, 3], [87, 2411, 100], [11, 89, 185]]"
full_frz8,0,1e-05,32,ce,effnum,over,full,42,0.5989163517951965,0.6554768985148732,0.8285714285714286,0.5562913907284768,0.8945342571208622,0.5157894736842106,"[[168, 134, 0], [69, 2324, 205], [14, 124, 147]]"
full_frz8,1.0,1e-05,32,ce,effnum,over,full,42,0.5691829323768616,0.6379448222434495,0.7940345368916798,0.6357615894039735,0.8244803695150116,0.6842105263157895,"[[192, 66, 44], [203, 2142, 253], [24, 66, 195]]"
full_frz8,2.0,1e-05,32,ce,effnum,over,full,42,0.5656360983848572,0.6969378203648272,0.8405023547880691,0.6026490066225165,0.8814472671285605,0.7192982456140351,"[[182, 106, 14], [107, 2290, 201], [11, 69, 205]]"
full_frz8,3.0,1e-05,32,ce,effnum,over,full,42,0.6662043929100037,0.6675190254939531,0.8411302982731554,0.44370860927152317,0.9053117782909931,0.6771929824561403,"[[134, 153, 15], [79, 2352, 167], [10, 82, 193]]"
full_frz8,4.0,1e-05,32,ce,effnum,over,full,42,0.8615368604660034,0.6756878219970893,0.8514913657770801,0.4602649006622517,0.9226327944572749,0.6175438596491228,"[[139, 147, 16], [73, 2397, 128], [10, 99, 176]]"
full_frz8,5.0,1e-05,32,ce,effnum,over,full,42,1.0242871046066284,0.66253680737915,0.8549450549450549,0.40066225165562913,0.9414934565050038,0.5473684210526316,"[[121, 174, 7], [57, 2446, 95], [7, 122, 156]]"
full_frz8,5.0,1e-05,32,ce,effnum,over,full,42,0.5656360983848572,0.6969378203648272,0.8405023547880691,0.6026490066225165,0.8814472671285605,0.7192982456140351,"[[182, 106, 14], [107, 2290, 201], [11, 69, 205]]"
large_tgall,0,0.0002,16,ce,effnum,over,lora,42,0.5008003115653992,0.7181501985377222,0.8734693877551021,0.5960264900662252,0.9430331023864511,0.5333333333333333,"[[180, 122, 0], [81, 2450, 67], [13, 120, 152]]"
large_tgall,1.0,0.0002,16,ce,effnum,over,lora,42,0.4214097857475281,0.7685813520255124,0.8781789638932496,0.7715231788079471,0.9056966897613549,0.7403508771929824,"[[233, 67, 2], [131, 2353, 114], [9, 65, 211]]"
large_tgall,2.0,0.0002,16,ce,effnum,over,lora,42,0.6737106442451477,0.7744570778271024,0.8973312401883831,0.5728476821192053,0.955735180908391,0.7087719298245614,"[[173, 128, 1], [43, 2483, 72], [4, 79, 202]]"
large_tgall,3.0,0.0002,16,ce,effnum,over,lora,42,0.7129726409912109,0.7658894264778716,0.8885400313971743,0.6589403973509934,0.9407236335642802,0.656140350877193,"[[199, 103, 0], [83, 2444, 71], [5, 93, 187]]"
large_tgall,4.0,0.0002,16,ce,effnum,over,lora,42,0.8331613540649414,0.7621070164234959,0.8926216640502355,0.5927152317880795,0.955735180908391,0.6350877192982456,"[[179, 122, 1], [55, 2483, 60], [4, 100, 181]]"
large_tgall,5.0,0.0002,16,ce,effnum,over,lora,42,0.9419543743133545,0.7726349929973422,0.8957613814756672,0.6225165562913907,0.953810623556582,0.656140350877193,"[[188, 113, 1], [64, 2478, 56], [5, 93, 187]]"
large_tgall,5.0,0.0002,16,ce,effnum,over,lora,42,0.6737106442451477,0.7744570778271024,0.8973312401883831,0.5728476821192053,0.955735180908391,0.7087719298245614,"[[173, 128, 1], [43, 2483, 72], [4, 79, 202]]"
large_lr1e4,0,0.0001,16,ce,effnum,over,lora,42,0.5008003115653992,0.7181501985377222,0.8734693877551021,0.5960264900662252,0.9430331023864511,0.5333333333333333,"[[180, 122, 0], [81, 2450, 67], [13, 120, 152]]"
large_lr1e4,1.0,0.0001,16,ce,effnum,over,lora,42,0.44543322920799255,0.7454108637614446,0.8524332810047096,0.8410596026490066,0.8610469591993841,0.7859649122807018,"[[254, 47, 1], [192, 2237, 169], [11, 50, 224]]"
large_lr1e4,2.0,0.0001,16,ce,effnum,over,lora,42,0.5243908166885376,0.7650762846010801,0.8734693877551021,0.7748344370860927,0.8976135488837568,0.7578947368421053,"[[234, 67, 1], [142, 2332, 124], [7, 62, 216]]"
large_lr1e4,3.0,0.0001,16,ce,effnum,over,lora,42,0.5643220543861389,0.7780878041759197,0.8894819466248037,0.7615894039735099,0.9268668206312548,0.6842105263157895,"[[230, 72, 0], [98, 2408, 92], [10, 80, 195]]"
large_lr1e4,4.0,0.0001,16,ce,effnum,over,lora,42,0.6596934199333191,0.7668566890665532,0.8828885400313972,0.7384105960264901,0.9214780600461894,0.6842105263157895,"[[223, 79, 0], [93, 2394, 111], [9, 81, 195]]"
large_lr1e4,5.0,0.0001,16,ce,effnum,over,lora,42,0.6876163482666016,0.7705484959893746,0.8863422291993721,0.7284768211920529,0.9272517321016166,0.6807017543859649,"[[220, 82, 0], [93, 2409, 96], [9, 82, 194]]"
large_lr1e4,5.0,0.0001,16,ce,effnum,over,lora,42,0.5643220543861389,0.7780878041759197,0.8894819466248037,0.7615894039735099,0.9268668206312548,0.6842105263157895,"[[230, 72, 0], [98, 2408, 92], [10, 80, 195]]"
large_len256,0,0.0002,16,ce,effnum,over,lora,42,0.5007903575897217,0.7181501985377222,0.8734693877551021,0.5960264900662252,0.9430331023864511,0.5333333333333333,"[[180, 122, 0], [81, 2450, 67], [13, 120, 152]]"
large_len256,1.0,0.0002,16,ce,effnum,over,lora,42,0.45681333541870117,0.7496877650313819,0.8565149136577708,0.8807947019867549,0.8645111624326405,0.7578947368421053,"[[266, 33, 3], [209, 2246, 143], [17, 52, 216]]"
large_len256,2.0,0.0002,16,ce,effnum,over,lora,42,0.5209553241729736,0.7957261108075708,0.9023547880690738,0.7086092715231788,0.945342571208622,0.7157894736842105,"[[214, 87, 1], [59, 2456, 83], [9, 72, 204]]"
large_len256,3.0,0.0002,16,ce,effnum,over,lora,42,0.6056112051010132,0.7753495853921705,0.8960753532182104,0.695364238410596,0.9491916859122402,0.624561403508772,"[[210, 91, 1], [65, 2466, 67], [9, 98, 178]]"
large_len256,4.0,0.0002,16,ce,effnum,over,lora,42,0.6834486722946167,0.7835189103055442,0.899215070643642,0.6854304635761589,0.949576597382602,0.6666666666666666,"[[207, 93, 2], [59, 2467, 72], [9, 86, 190]]"
large_len256,5.0,0.0002,16,ce,effnum,over,lora,42,0.7002631425857544,0.7887148309334657,0.9001569858712716,0.7019867549668874,0.947267128560431,0.6807017543859649,"[[212, 88, 2], [66, 2461, 71], [7, 84, 194]]"
large_len256,5.0,0.0002,16,ce,effnum,over,lora,42,0.5209553241729736,0.7957261108075708,0.9023547880690738,0.7086092715231788,0.945342571208622,0.7157894736842105,"[[214, 87, 1], [59, 2456, 83], [9, 72, 204]]"
large_len384,0,0.0002,8,ce,effnum,over,lora,42,0.5007903575897217,0.7181501985377222,0.8734693877551021,0.5960264900662252,0.9430331023864511,0.5333333333333333,"[[180, 122, 0], [81, 2450, 67], [13, 120, 152]]"
large_len384,1.0,0.0002,8,ce,effnum,over,lora,42,0.5819782614707947,0.7484882835970543,0.8549450549450549,0.8509933774834437,0.8629715165511932,0.7859649122807018,"[[257, 42, 3], [201, 2242, 155], [14, 47, 224]]"
large_len384,2.0,0.0002,8,ce,effnum,over,lora,42,0.598458468914032,0.7870733840756367,0.8948194662480377,0.7350993377483444,0.9330254041570438,0.7157894736842105,"[[222, 78, 2], [85, 2424, 89], [7, 74, 204]]"
large_len384,3.0,0.0002,8,ce,effnum,over,lora,42,0.7009033560752869,0.7840190300771939,0.893563579277865,0.7450331125827815,0.9314857582755967,0.7052631578947368,"[[225, 75, 2], [83, 2420, 95], [10, 74, 201]]"
large_len384,4.0,0.0002,8,ce,effnum,over,lora,42,0.7447449564933777,0.7858280109333409,0.8970172684458398,0.7350993377483444,0.9399538106235565,0.6771929824561403,"[[222, 78, 2], [78, 2442, 78], [9, 83, 193]]"
large_len384,4.0,0.0002,8,ce,effnum,over,lora,42,0.598458468914032,0.7870733840756367,0.8948194662480377,0.7350993377483444,0.9330254041570438,0.7157894736842105,"[[222, 78, 2], [85, 2424, 89], [7, 74, 204]]"
large_len256_lr1e4,0,0.0001,16,ce,effnum,over,lora,42,0.5007903575897217,0.7181501985377222,0.8734693877551021,0.5960264900662252,0.9430331023864511,0.5333333333333333,"[[180, 122, 0], [81, 2450, 67], [13, 120, 152]]"
large_len256_lr1e4,1.0,0.0001,16,ce,effnum,over,lora,42,0.44084712862968445,0.749231697968827,0.8562009419152277,0.8576158940397351,0.8648960739030023,0.775438596491228,"[[259, 40, 3], [202, 2247, 149], [16, 48, 221]]"
large_len256_lr1e4,2.0,0.0001,16,ce,effnum,over,lora,42,0.47385042905807495,0.7710653619377755,0.880690737833595,0.7748344370860927,0.9091608929946112,0.7333333333333333,"[[234, 65, 3], [115, 2362, 121], [9, 67, 209]]"
large_len256_lr1e4,3.0,0.0001,16,ce,effnum,over,lora,42,0.5713651180267334,0.7731237240574971,0.8854003139717426,0.7317880794701986,0.9214780600461894,0.7192982456140351,"[[221, 79, 2], [88, 2394, 116], [8, 72, 205]]"
large_len256_lr1e4,4.0,0.0001,16,ce,effnum,over,lora,42,0.613898515701294,0.7802482657004131,0.8904238618524333,0.7384105960264901,0.9272517321016166,0.7157894736842105,"[[223, 77, 2], [91, 2409, 98], [9, 72, 204]]"
large_len256_lr1e4,4.0,0.0001,16,ce,effnum,over,lora,42,0.613898515701294,0.7802482657004131,0.8904238618524333,0.7384105960264901,0.9272517321016166,0.7157894736842105,"[[223, 77, 2], [91, 2409, 98], [9, 72, 204]]"
large_len256_s1,0,0.0002,16,ce,effnum,over,lora,1,0.5007903575897217,0.7181501985377222,0.8734693877551021,0.5960264900662252,0.9430331023864511,0.5333333333333333,"[[180, 122, 0], [81, 2450, 67], [13, 120, 152]]"
large_len256_s1,1.0,0.0002,16,ce,effnum,over,lora,1,0.4408518075942993,0.752297735052264,0.8596546310832025,0.8013245033112583,0.8729792147806005,0.8,"[[242, 58, 2], [138, 2268, 192], [10, 47, 228]]"
large_len256_s1,2.0,0.0002,16,ce,effnum,over,lora,1,0.5202401280403137,0.7829372510815503,0.8907378335949765,0.7781456953642384,0.9249422632794457,0.6982456140350877,"[[235, 67, 0], [92, 2403, 103], [9, 77, 199]]"
large_len256_s1,3.0,0.0002,16,ce,effnum,over,lora,1,0.6475059390068054,0.7831045979875234,0.8913657770800628,0.7483443708609272,0.9276366435719784,0.712280701754386,"[[226, 76, 0], [84, 2410, 104], [8, 74, 203]]"
large_len256_s1,4.0,0.0002,16,ce,effnum,over,lora,1,0.6994339823722839,0.7851237618134733,0.8976452119309262,0.7052980132450332,0.9445727482678984,0.6736842105263158,"[[213, 89, 0], [67, 2454, 77], [7, 86, 192]]"
large_len256_s1,4.0,0.0002,16,ce,effnum,over,lora,1,0.6994339823722839,0.7851237618134733,0.8976452119309262,0.7052980132450332,0.9445727482678984,0.6736842105263158,"[[213, 89, 0], [67, 2454, 77], [7, 86, 192]]"
large_len256_s2,0,0.0002,16,ce,effnum,over,lora,2,0.5007903575897217,0.7181501985377222,0.8734693877551021,0.5960264900662252,0.9430331023864511,0.5333333333333333,"[[180, 122, 0], [81, 2450, 67], [13, 120, 152]]"
large_len256_s2,1.0,0.0002,16,ce,effnum,over,lora,2,0.46705129742622375,0.75901130284432,0.8656200941915227,0.7748344370860927,0.8829869130100076,0.8035087719298246,"[[234, 65, 3], [107, 2294, 197], [8, 48, 229]]"
large_len256_s2,2.0,0.0002,16,ce,effnum,over,lora,2,0.5067268013954163,0.7753946900652835,0.8875981161695448,0.7483443708609272,0.9253271747498075,0.6912280701754386,"[[226, 75, 1], [104, 2404, 90], [8, 80, 197]]"
large_len256_s2,3.0,0.0002,16,ce,effnum,over,lora,2,0.6602689027786255,0.7743853094347894,0.8919937205651491,0.7086092715231788,0.9399538106235565,0.6491228070175439,"[[214, 87, 1], [92, 2442, 64], [7, 93, 185]]"
large_len256_s2,4.0,0.0002,16,ce,effnum,over,lora,2,0.7334056496620178,0.7673947277718436,0.8882260596546311,0.6821192052980133,0.9364896073903002,0.6666666666666666,"[[206, 95, 1], [82, 2433, 83], [8, 87, 190]]"
large_len256_s2,4.0,0.0002,16,ce,effnum,over,lora,2,0.5067268013954163,0.7753946900652835,0.8875981161695448,0.7483443708609272,0.9253271747498075,0.6912280701754386,"[[226, 75, 1], [104, 2404, 90], [8, 80, 197]]"
